{"final_train_loss": 0.00500872079282999, "final_val_loss": 0.005499566439539194, "final_train_acc": 1.0, "final_val_acc": 1.0, "step_val_acc_99": 4270}