{"final_train_loss": 0.3648916184902191, "final_val_loss": 2.4543228149414062, "final_train_acc": 0.923828125, "final_val_acc": 0.339599609375, "step_val_acc_99": 7500}