{"final_train_loss": 0.021131807938218117, "final_val_loss": 7.622631072998047, "final_train_acc": 0.9994140863418579, "final_val_acc": 0.01513671875, "step_val_acc_99": 7500}