{"final_train_loss": 0.012256759218871593, "final_val_loss": 0.012438680045306683, "final_train_acc": 1.0, "final_val_acc": 1.0, "step_val_acc_99": 3610}