{"final_train_loss": 0.005338217597454786, "final_val_loss": 0.005732474382966757, "final_train_acc": 1.0, "final_val_acc": 1.0, "step_val_acc_99": 4150}