{"final_train_loss": 1.5492159128189087, "final_val_loss": 1.5678110122680664, "final_train_acc": 0.8003906607627869, "final_val_acc": 0.80322265625, "step_val_acc_99": 7500}