{"final_train_loss": 1.5489068031311035, "final_val_loss": 1.645341396331787, "final_train_acc": 0.809374988079071, "final_val_acc": 0.79541015625, "step_val_acc_99": 7500}