{"final_train_loss": 0.005110070575028658, "final_val_loss": 0.005870114546269178, "final_train_acc": 1.0, "final_val_acc": 1.0, "step_val_acc_99": 4030}