{"x_div_y": {"means": {"final_train_loss_mean": 0.004855684625605742, "final_val_loss_mean": 0.025169256143271923, "final_train_acc_mean": 1.0, "final_val_acc_mean": 0.9995930989583334, "step_val_acc_99_mean": 4356.666666666667}, "stderrs": {"final_train_loss_stderr": 0.0001764463801370765, "final_val_loss_stderr": 0.009130163906528663, "final_train_acc_stderr": 0.0, "final_val_acc_stderr": 0.0001918149905562466, "step_val_acc_99_stderr": 126.76409508401476}, "final_info_dict": {"final_train_loss": [0.005338217597454786, 0.005110070575028658, 0.004118765704333782], "final_val_loss": [0.005732474382966757, 0.005870114546269178, 0.06390517950057983], "final_train_acc": [1.0, 1.0, 1.0], "final_val_acc": [1.0, 1.0, 0.998779296875], "step_val_acc_99": [4150, 4030, 4890]}}, "x_minus_y": {"means": {"final_train_loss_mean": 0.007429805118590593, "final_val_loss_mean": 0.008025300533821186, "final_train_acc_mean": 1.0, "final_val_acc_mean": 1.0, "step_val_acc_99_mean": 3880.0}, "stderrs": {"final_train_loss_stderr": 0.0011377258761591047, "final_val_loss_stderr": 0.0010438613617417436, "final_train_acc_stderr": 0.0, "final_val_acc_stderr": 0.0, "step_val_acc_99_stderr": 94.16297927883689}, "final_info_dict": {"final_train_loss": [0.005023935344070196, 0.00500872079282999, 0.012256759218871593], "final_val_loss": [0.00613765511661768, 0.005499566439539194, 0.012438680045306683], "final_train_acc": [1.0, 1.0, 1.0], "final_val_acc": [1.0, 1.0, 1.0], "step_val_acc_99": [3760, 4270, 3610]}}, "x_plus_y": {"means": {"final_train_loss_mean": 1.5463480949401855, "final_val_loss_mean": 1.5851439634958904, "final_train_acc_mean": 0.8052083452542623, "final_val_acc_mean": 0.8016764322916666, "step_val_acc_99_mean": 7500.0}, "stderrs": {"final_train_loss_stderr": 0.0012797359706898089, "final_val_loss_stderr": 0.014607869393440788, "final_train_acc_stderr": 0.0012322044614590552, "final_val_acc_stderr": 0.0015388297096010017, "step_val_acc_99_stderr": 0.0}, "final_info_dict": {"final_train_loss": [1.5492159128189087, 1.5489068031311035, 1.5409215688705444], "final_val_loss": [1.5678110122680664, 1.645341396331787, 1.5422794818878174], "final_train_acc": [0.8003906607627869, 0.809374988079071, 0.805859386920929], "final_val_acc": [0.80322265625, 0.79541015625, 0.806396484375], "step_val_acc_99": [7500, 7500, 7500]}}, "permutation": {"means": {"final_train_loss_mean": 0.13098734462012848, "final_val_loss_mean": 6.009354909261067, "final_train_acc_mean": 0.974414070447286, "final_val_acc_mean": 0.121826171875, "step_val_acc_99_mean": 7500.0}, "stderrs": {"final_train_loss_stderr": 0.055165588264836356, "final_val_loss_stderr": 0.8391205551951568, "final_train_acc_stderr": 0.011923488276881439, "final_val_acc_stderr": 0.051333174990124915, "step_val_acc_99_stderr": 0.0}, "final_info_dict": {"final_train_loss": [0.006938607431948185, 0.3648916184902191, 0.021131807938218117], "final_val_loss": [7.95111083984375, 2.4543228149414062, 7.622631072998047], "final_train_acc": [1.0, 0.923828125, 0.9994140863418579], "final_val_acc": [0.0107421875, 0.339599609375, 0.01513671875], "step_val_acc_99": [7500, 7500, 7500]}}}