{"final_train_loss": 0.004118765704333782, "final_val_loss": 0.06390517950057983, "final_train_acc": 1.0, "final_val_acc": 0.998779296875, "step_val_acc_99": 4890}