{"final_train_loss": 1.5409215688705444, "final_val_loss": 1.5422794818878174, "final_train_acc": 0.805859386920929, "final_val_acc": 0.806396484375, "step_val_acc_99": 7500}