{"final_train_loss": 0.005023935344070196, "final_val_loss": 0.00613765511661768, "final_train_acc": 1.0, "final_val_acc": 1.0, "step_val_acc_99": 3760}