{"final_train_loss": 0.006938607431948185, "final_val_loss": 7.95111083984375, "final_train_acc": 1.0, "final_val_acc": 0.0107421875, "step_val_acc_99": 7500}