{"circle": {"means": {"training_time": 32.40811824798584, "eval_loss": 0.4365774325245177, "inference_time": 0.47313833236694336, "kl_divergence": 0.36090154243295547}}, "dino": {"means": {"training_time": 28.026391744613647, "eval_loss": 0.6660299824021966, "inference_time": 0.14635729789733887, "kl_divergence": 1.136311847524108}}, "line": {"means": {"training_time": 28.267836332321167, "eval_loss": 0.803694090117579, "inference_time": 0.1389303207397461, "kl_divergence": 0.17321782743573452}}, "moons": {"means": {"training_time": 27.901323080062866, "eval_loss": 0.6121883528006961, "inference_time": 0.15824294090270996, "kl_divergence": 0.08756019460273626}}}