{"final_train_loss": 0.005355036351829767, "final_val_loss": 0.006037582643330097, "final_train_acc": 1.0, "final_val_acc": 1.0, "step_val_acc_99": 4770}