{"final_train_loss": 0.03558088839054108, "final_val_loss": 8.392131805419922, "final_train_acc": 0.999218761920929, "final_val_acc": 0.01123046875, "step_val_acc_99": 7500}