{"final_train_loss": 0.015177994035184383, "final_val_loss": 8.320616722106934, "final_train_acc": 1.0, "final_val_acc": 0.010498046875, "step_val_acc_99": 7500}