{"final_train_loss": 0.003111818339675665, "final_val_loss": 0.004148230887949467, "final_train_acc": 1.0, "final_val_acc": 1.0, "step_val_acc_99": 5410}