{"final_train_loss": 0.004829166457056999, "final_val_loss": 0.0058438959531486034, "final_train_acc": 1.0, "final_val_acc": 1.0, "step_val_acc_99": 4900}