{"final_train_loss": 0.004024816676974297, "final_val_loss": 0.004888624418526888, "final_train_acc": 1.0, "final_val_acc": 1.0, "step_val_acc_99": 4190}