{"final_train_loss": 1.5734649896621704, "final_val_loss": 1.5802117586135864, "final_train_acc": 0.8017578125, "final_val_acc": 0.80126953125, "step_val_acc_99": 7500}