{"final_train_loss": 0.052264150232076645, "final_val_loss": 7.299045085906982, "final_train_acc": 0.998046875, "final_val_acc": 0.017822265625, "step_val_acc_99": 7500}