{"final_train_loss": 0.006977399345487356, "final_val_loss": 0.011851483955979347, "final_train_acc": 1.0, "final_val_acc": 0.999267578125, "step_val_acc_99": 3930}