{"x_div_y": {"means": {"final_train_loss_mean": 0.0047046781207124395, "final_val_loss_mean": 0.0069627797541519, "final_train_acc_mean": 1.0, "final_val_acc_mean": 0.999755859375, "step_val_acc_99_mean": 4510.0}, "stderrs": {"final_train_loss_stderr": 0.0005499048951533829, "final_val_loss_stderr": 0.00115667522330342, "final_train_acc_stderr": 0.0, "final_val_acc_stderr": 0.00011508899433374798, "step_val_acc_99_stderr": 215.06243710107037}, "final_info_dict": {"final_train_loss": [0.006977399345487356, 0.003111818339675665, 0.004024816676974297], "final_val_loss": [0.011851483955979347, 0.004148230887949467, 0.004888624418526888], "final_train_acc": [1.0, 1.0, 1.0], "final_val_acc": [0.999267578125, 1.0, 1.0], "step_val_acc_99": [3930, 5410, 4190]}}, "x_minus_y": {"means": {"final_train_loss_mean": 0.004929631327589353, "final_val_loss_mean": 0.005648533037553231, "final_train_acc_mean": 1.0, "final_val_acc_mean": 1.0, "step_val_acc_99_mean": 4713.333333333333}, "stderrs": {"final_train_loss_stderr": 0.00010481884343456007, "final_val_loss_stderr": 0.00014024637840200514, "final_train_acc_stderr": 0.0, "final_val_acc_stderr": 0.0, "step_val_acc_99_stderr": 60.02057260475335}, "final_info_dict": {"final_train_loss": [0.005355036351829767, 0.004829166457056999, 0.004604691173881292], "final_val_loss": [0.006037582643330097, 0.0058438959531486034, 0.005064120516180992], "final_train_acc": [1.0, 1.0, 1.0], "final_val_acc": [1.0, 1.0, 1.0], "step_val_acc_99": [4770, 4900, 4470]}}, "x_plus_y": {"means": {"final_train_loss_mean": 1.5701171159744263, "final_val_loss_mean": 1.5904633204142253, "final_train_acc_mean": 0.8020833333333334, "final_val_acc_mean": 0.800537109375, "step_val_acc_99_mean": 7500.0}, "stderrs": {"final_train_loss_stderr": 0.0031734792439303146, "final_val_loss_stderr": 0.004569376671303497, "final_train_acc_stderr": 0.00015345199244499728, "final_val_acc_stderr": 0.0006544237240567936, "step_val_acc_99_stderr": 0.0}, "final_info_dict": {"final_train_loss": [1.5734649896621704, 1.5797370672225952, 1.5571492910385132], "final_val_loss": [1.5802117586135864, 1.609838604927063, 1.5813395977020264], "final_train_acc": [0.8017578125, 0.8017578125, 0.802734375], "final_val_acc": [0.80126953125, 0.7978515625, 0.802490234375], "step_val_acc_99": [7500, 7500, 7500]}}, "permutation": {"means": {"final_train_loss_mean": 0.03434101088593403, "final_val_loss_mean": 8.003931204477945, "final_train_acc_mean": 0.9990885456403097, "final_val_acc_mean": 0.01318359375, "step_val_acc_99_mean": 7500.0}, "stderrs": {"final_train_loss_stderr": 0.005055240900109549, "final_val_loss_stderr": 0.16642803625565744, "final_train_acc_stderr": 0.0002675529059775591, "final_val_acc_stderr": 0.0010978790334661493, "step_val_acc_99_stderr": 0.0}, "final_info_dict": {"final_train_loss": [0.052264150232076645, 0.015177994035184383, 0.03558088839054108], "final_val_loss": [7.299045085906982, 8.320616722106934, 8.392131805419922], "final_train_acc": [0.998046875, 1.0, 0.999218761920929], "final_val_acc": [0.017822265625, 0.010498046875, 0.01123046875], "step_val_acc_99": [7500, 7500, 7500]}}}