{"final_train_loss": 0.004604691173881292, "final_val_loss": 0.005064120516180992, "final_train_acc": 1.0, "final_val_acc": 1.0, "step_val_acc_99": 4470}