{"final_train_loss": 1.5797370672225952, "final_val_loss": 1.609838604927063, "final_train_acc": 0.8017578125, "final_val_acc": 0.7978515625, "step_val_acc_99": 7500}