{"final_train_loss": 1.5571492910385132, "final_val_loss": 1.5813395977020264, "final_train_acc": 0.802734375, "final_val_acc": 0.802490234375, "step_val_acc_99": 7500}