{"final_train_loss": 0.006520941853523254, "final_val_loss": 0.007269613444805145, "final_train_acc": 1.0, "final_val_acc": 1.0, "step_val_acc_99": 2130}