{"final_train_loss": 0.002992665395140648, "final_val_loss": 0.003158007748425007, "final_train_acc": 1.0, "final_val_acc": 1.0, "step_val_acc_99": 2480}