{"final_train_loss": 0.06879481673240662, "final_val_loss": 7.526055335998535, "final_train_acc": 0.99609375, "final_val_acc": 0.0166015625, "step_val_acc_99": 7500}