{"final_train_loss": 0.00431998772546649, "final_val_loss": 0.004866560455411673, "final_train_acc": 1.0, "final_val_acc": 1.0, "step_val_acc_99": 4580}