{"final_train_loss": 0.00938605796545744, "final_val_loss": 0.011475175619125366, "final_train_acc": 1.0, "final_val_acc": 1.0, "step_val_acc_99": 4220}