{"final_train_loss": 0.010148398578166962, "final_val_loss": 6.160466194152832, "final_train_acc": 1.0, "final_val_acc": 0.02978515625, "step_val_acc_99": 7500}