{"final_train_loss": 0.006156632211059332, "final_val_loss": 0.006564488634467125, "final_train_acc": 1.0, "final_val_acc": 1.0, "step_val_acc_99": 3540}