{"final_train_loss": 0.007249459624290466, "final_val_loss": 0.01171958353370428, "final_train_acc": 1.0, "final_val_acc": 0.999755859375, "step_val_acc_99": 4820}