{"final_train_loss": 0.2656265199184418, "final_val_loss": 6.696994304656982, "final_train_acc": 0.955078125, "final_val_acc": 0.020263671875, "step_val_acc_99": 7500}