{"final_train_loss": 0.011768301948904991, "final_val_loss": 0.01730719394981861, "final_train_acc": 1.0, "final_val_acc": 0.99951171875, "step_val_acc_99": 4710}