{"final_train_loss": 1.2714688777923584, "final_val_loss": 7.177899360656738, "final_train_acc": 0.703906238079071, "final_val_acc": 0.012939453125, "step_val_acc_99": 7500}