{"x_div_y": {"means": {"final_train_loss_mean": 0.007973192414889732, "final_val_loss_mean": 0.011541987303644419, "final_train_acc_mean": 1.0, "final_val_acc_mean": 0.999755859375, "step_val_acc_99_mean": 4736.666666666667}, "stderrs": {"final_train_loss_stderr": 0.0009498538021494311, "final_val_loss_stderr": 0.0015938080896579726, "final_train_acc_stderr": 0.0, "final_val_acc_stderr": 6.64466618593527e-05, "step_val_acc_99_stderr": 20.06163342807532}, "final_info_dict": {"final_train_loss": [0.007249459624290466, 0.0049018156714737415, 0.011768301948904991], "final_val_loss": [0.01171958353370428, 0.005599184427410364, 0.01730719394981861], "final_train_acc": [1.0, 1.0, 1.0], "final_val_acc": [0.999755859375, 1.0, 0.99951171875], "step_val_acc_99": [4820, 4680, 4710]}}, "x_minus_y": {"means": {"final_train_loss_mean": 0.005210874291757743, "final_val_loss_mean": 0.016415230619410675, "final_train_acc_mean": 1.0, "final_val_acc_mean": 0.9998372395833334, "step_val_acc_99_mean": 5166.666666666667}, "stderrs": {"final_train_loss_stderr": 0.0002135008665067842, "final_val_loss_stderr": 0.004630107664358885, "final_train_acc_stderr": 0.0, "final_val_acc_stderr": 7.672599622249864e-05, "step_val_acc_99_stderr": 492.419072751936}, "final_info_dict": {"final_train_loss": [0.005460638552904129, 0.004331950563937426, 0.005840033758431673], "final_val_loss": [0.00645088218152523, 0.036058422178030014, 0.006736387498676777], "final_train_acc": [1.0, 1.0, 1.0], "final_val_acc": [1.0, 0.99951171875, 1.0], "step_val_acc_99": [4260, 7250, 3990]}}, "x_plus_y": {"means": {"final_train_loss_mean": 1.587871829668681, "final_val_loss_mean": 1.638652006785075, "final_train_acc_mean": 0.8006510337193807, "final_val_acc_mean": 0.7952473958333334, "step_val_acc_99_mean": 7500.0}, "stderrs": {"final_train_loss_stderr": 0.01192488623979268, "final_val_loss_stderr": 0.012954299640999886, "final_train_acc_stderr": 0.002089652108464148, "final_val_acc_stderr": 0.0015616143624809303, "step_val_acc_99_stderr": 0.0}, "final_info_dict": {"final_train_loss": [1.5392370223999023, 1.6242611408233643, 1.6001173257827759], "final_val_loss": [1.689611554145813, 1.63100004196167, 1.5953444242477417], "final_train_acc": [0.809374988079071, 0.794921875, 0.797656238079071], "final_val_acc": [0.78955078125, 0.795166015625, 0.801025390625], "step_val_acc_99": [7500, 7500, 7500]}}, "permutation": {"means": {"final_train_loss_mean": 0.5695774058500925, "final_val_loss_mean": 7.052130222320557, "final_train_acc_mean": 0.8791666626930237, "final_val_acc_mean": 0.016276041666666668, "step_val_acc_99_mean": 7500.0}, "stderrs": {"final_train_loss_stderr": 0.16593109786432078, "final_val_loss_stderr": 0.0848852200265039, "final_train_acc_stderr": 0.04143222169641306, "final_val_acc_stderr": 0.0010084434839106502, "step_val_acc_99_stderr": 0.0}, "final_info_dict": {"final_train_loss": [0.17163681983947754, 1.2714688777923584, 0.2656265199184418], "final_val_loss": [7.281497001647949, 7.177899360656738, 6.696994304656982], "final_train_acc": [0.978515625, 0.703906238079071, 0.955078125], "final_val_acc": [0.015625, 0.012939453125, 0.020263671875], "step_val_acc_99": [7500, 7500, 7500]}}}