{"final_train_loss": 0.0049018156714737415, "final_val_loss": 0.005599184427410364, "final_train_acc": 1.0, "final_val_acc": 1.0, "step_val_acc_99": 4680}