{"final_train_loss": 0.005840033758431673, "final_val_loss": 0.006736387498676777, "final_train_acc": 1.0, "final_val_acc": 1.0, "step_val_acc_99": 3990}