{"final_train_loss": 0.004331950563937426, "final_val_loss": 0.036058422178030014, "final_train_acc": 1.0, "final_val_acc": 0.99951171875, "step_val_acc_99": 7250}