{"final_train_loss": 0.005460638552904129, "final_val_loss": 0.00645088218152523, "final_train_acc": 1.0, "final_val_acc": 1.0, "step_val_acc_99": 4260}