{"final_train_loss": 0.17163681983947754, "final_val_loss": 7.281497001647949, "final_train_acc": 0.978515625, "final_val_acc": 0.015625, "step_val_acc_99": 7500}