{"final_train_loss": 1.5392370223999023, "final_val_loss": 1.689611554145813, "final_train_acc": 0.809374988079071, "final_val_acc": 0.78955078125, "step_val_acc_99": 7500}