{"final_train_loss": 1.6001173257827759, "final_val_loss": 1.5953444242477417, "final_train_acc": 0.797656238079071, "final_val_acc": 0.801025390625, "step_val_acc_99": 7500}