{"final_train_loss": 1.6242611408233643, "final_val_loss": 1.63100004196167, "final_train_acc": 0.794921875, "final_val_acc": 0.795166015625, "step_val_acc_99": 7500}