{"final_train_loss": 0.39537569880485535, "final_val_loss": 7.895277976989746, "final_train_acc": 0.92578125, "final_val_acc": 0.006591796875, "step_val_acc_99": 7500}