{"final_train_loss": 0.007491027470678091, "final_val_loss": 0.008746162056922913, "final_train_acc": 1.0, "final_val_acc": 1.0, "step_val_acc_99": 4280}