{"final_train_loss": 0.031959470361471176, "final_val_loss": 0.030440976843237877, "final_train_acc": 1.0, "final_val_acc": 1.0, "step_val_acc_99": 4570}