{"x_div_y": {"means": {"final_train_loss_mean": 0.01533896243199706, "final_val_loss_mean": 0.01599902535478274, "final_train_acc_mean": 1.0, "final_val_acc_mean": 1.0, "step_val_acc_99_mean": 4430.0}, "stderrs": {"final_train_loss_stderr": 0.003969681949494617, "final_val_loss_stderr": 0.003482250877024636, "final_train_acc_stderr": 0.0, "final_val_acc_stderr": 0.0, "step_val_acc_99_stderr": 50.405760987616695}, "final_info_dict": {"final_train_loss": [0.004671358969062567, 0.031959470361471176, 0.00938605796545744], "final_val_loss": [0.006080923601984978, 0.030440976843237877, 0.011475175619125366], "final_train_acc": [1.0, 1.0, 1.0], "final_val_acc": [1.0, 1.0, 1.0], "step_val_acc_99": [4500, 4570, 4220]}}, "x_minus_y": {"means": {"final_train_loss_mean": 0.005989215802401304, "final_val_loss_mean": 0.006725737048933904, "final_train_acc_mean": 1.0, "final_val_acc_mean": 1.0, "step_val_acc_99_mean": 4133.333333333333}, "stderrs": {"final_train_loss_stderr": 0.0004333243124568632, "final_val_loss_stderr": 0.0005293131772672529, "final_train_acc_stderr": 0.0, "final_val_acc_stderr": 0.0, "step_val_acc_99_stderr": 145.6869635829668}, "final_info_dict": {"final_train_loss": [0.007491027470678091, 0.00431998772546649, 0.006156632211059332], "final_val_loss": [0.008746162056922913, 0.004866560455411673, 0.006564488634467125], "final_train_acc": [1.0, 1.0, 1.0], "final_val_acc": [1.0, 1.0, 1.0], "step_val_acc_99": [4280, 4580, 3540]}}, "x_plus_y": {"means": {"final_train_loss_mean": 0.005031185690313578, "final_val_loss_mean": 0.005483842299630244, "final_train_acc_mean": 1.0, "final_val_acc_mean": 1.0, "step_val_acc_99_mean": 2266.6666666666665}, "stderrs": {"final_train_loss_stderr": 0.0004972547037999788, "final_val_loss_stderr": 0.0005738161218270263, "final_train_acc_stderr": 0.0, "final_val_acc_stderr": 0.0, "step_val_acc_99_stderr": 50.94174838376733}, "final_info_dict": {"final_train_loss": [0.002992665395140648, 0.005579949822276831, 0.006520941853523254], "final_val_loss": [0.003158007748425007, 0.006023905705660582, 0.007269613444805145], "final_train_acc": [1.0, 1.0, 1.0], "final_val_acc": [1.0, 1.0, 1.0], "step_val_acc_99": [2480, 2190, 2130]}}, "permutation": {"means": {"final_train_loss_mean": 0.15810630470514297, "final_val_loss_mean": 7.193933169047038, "final_train_acc_mean": 0.9739583333333334, "final_val_acc_mean": 0.017659505208333332, "step_val_acc_99_mean": 7500.0}, "stderrs": {"final_train_loss_stderr": 0.05649151009495534, "final_val_loss_stderr": 0.24871846806332643, "final_train_acc_stderr": 0.011367882685511107, "final_val_acc_stderr": 0.0031660515408998336, "step_val_acc_99_stderr": 0.0}, "final_info_dict": {"final_train_loss": [0.06879481673240662, 0.39537569880485535, 0.010148398578166962], "final_val_loss": [7.526055335998535, 7.895277976989746, 6.160466194152832], "final_train_acc": [0.99609375, 0.92578125, 1.0], "final_val_acc": [0.0166015625, 0.006591796875, 0.02978515625], "step_val_acc_99": [7500, 7500, 7500]}}}