{"final_train_loss": 0.004671358969062567, "final_val_loss": 0.006080923601984978, "final_train_acc": 1.0, "final_val_acc": 1.0, "step_val_acc_99": 4500}